<?xml version="1.0" encoding="UTF-8"?>
<x9routing>
 <owner>X9Ware LLC</owner>
 <product>X9Assist</product>
 <release>r1.08</release>
 <timestamp>20121005_033707_995</timestamp>
 <partners>
  <partner>
   <routing>888888888</routing>
   <description>Test Bank</description>
   <origination>true</origination>
   <destination>true</destination>
   <active>true</active>
   <clientType>Bank</clientType>
  </partner>
  <partner>
   <routing>9999999999</routing>
   <description>All Other Banks</description>
   <origination>true</origination>
   <destination>true</destination>
   <active>true</active>
   <clientType>Bank</clientType>
  </partner>
 </partners>
</x9routing>

