<?xml version="1.0" encoding="UTF-8"?>
<x9printImage>
 <copyright>X9Ware LLC 2012</copyright>
 <product>X9Assist</product>
 <release>r1.08</release>
 <timestamp>20121013_200506_191</timestamp>
 <pdfTemplate>LetterPortrait.pdf</pdfTemplate>
 <rows>3</rows>
 <cols>1</cols>
 <pageTitle>X9Assist Image Print</pageTitle>
 <topBorder>0.50</topBorder>
 <bottomBorder>0.80</bottomBorder>
 <leftBorder>0.20</leftBorder>
 <rightBorder>0.20</rightBorder>
 <horizontalGap>0.50</horizontalGap>
 <verticalGap>0.50</verticalGap>
 <printImageFields>
  <printImageField>
   <fieldName>check1</fieldName>
   <xCoordinate>0.2</xCoordinate>
   <yCoordinate>0.5</yCoordinate>
  </printImageField>
  <printImageField>
   <fieldName>check10</fieldName>
   <xCoordinate>0.0</xCoordinate>
   <yCoordinate>0.0</yCoordinate>
  </printImageField>
  <printImageField>
   <fieldName>check11</fieldName>
   <xCoordinate>0.0</xCoordinate>
   <yCoordinate>0.0</yCoordinate>
  </printImageField>
  <printImageField>
   <fieldName>check12</fieldName>
   <xCoordinate>0.0</xCoordinate>
   <yCoordinate>0.0</yCoordinate>
  </printImageField>
  <printImageField>
   <fieldName>check2</fieldName>
   <xCoordinate>0.2</xCoordinate>
   <yCoordinate>3.9</yCoordinate>
  </printImageField>
  <printImageField>
   <fieldName>check3</fieldName>
   <xCoordinate>0.2</xCoordinate>
   <yCoordinate>7.3</yCoordinate>
  </printImageField>
  <printImageField>
   <fieldName>check4</fieldName>
   <xCoordinate>0.0</xCoordinate>
   <yCoordinate>0.0</yCoordinate>
  </printImageField>
  <printImageField>
   <fieldName>check5</fieldName>
   <xCoordinate>0.0</xCoordinate>
   <yCoordinate>0.0</yCoordinate>
  </printImageField>
  <printImageField>
   <fieldName>check6</fieldName>
   <xCoordinate>0.0</xCoordinate>
   <yCoordinate>0.0</yCoordinate>
  </printImageField>
  <printImageField>
   <fieldName>check7</fieldName>
   <xCoordinate>0.0</xCoordinate>
   <yCoordinate>0.0</yCoordinate>
  </printImageField>
  <printImageField>
   <fieldName>check8</fieldName>
   <xCoordinate>0.0</xCoordinate>
   <yCoordinate>0.0</yCoordinate>
  </printImageField>
  <printImageField>
   <fieldName>check9</fieldName>
   <xCoordinate>0.0</xCoordinate>
   <yCoordinate>0.0</yCoordinate>
  </printImageField>
  <printImageField>
   <fieldName>checkSize</fieldName>
   <xCoordinate>8.1</xCoordinate>
   <yCoordinate>2.8999999</yCoordinate>
  </printImageField>
  <printImageField>
   <fieldName>dateTime</fieldName>
   <xCoordinate>2.83</xCoordinate>
   <yCoordinate>10.85</yCoordinate>
  </printImageField>
  <printImageField>
   <fieldName>pageNumber</fieldName>
   <xCoordinate>5.67</xCoordinate>
   <yCoordinate>10.85</yCoordinate>
  </printImageField>
  <printImageField>
   <fieldName>pageSize</fieldName>
   <xCoordinate>8.5</xCoordinate>
   <yCoordinate>11.0</yCoordinate>
  </printImageField>
  <printImageField>
   <fieldName>pageTitle</fieldName>
   <xCoordinate>3.25</xCoordinate>
   <yCoordinate>0.2</yCoordinate>
  </printImageField>
 </printImageFields>
</x9printImage>

