<?xml version="1.0" encoding="UTF-8"?>
<checkFormats>

  <category>

    <categoryName>retail</categoryName>

    <checkFormat>

      <formatName>retail1</formatName>

      <enabled>true</enabled>

      <templateName>retail1.png</templateName>

      <field>
        <fieldName>nameAddress</fieldName>
        <x>0.20</x> <y>0.20</y> <length>1.90</length>
        <font>arial.ttf</font> <fontSize>20</fontSize>
      </field>

      <field>
        <fieldName>payeeName</fieldName>
        <x>0.90</x> <y>1.12</y> <length>3.00</length>
        <font>handwriting1.ttf</font> <fontSize>50</fontSize>
      </field>

      <field>
        <fieldName>checkNumber</fieldName>
        <x>5.00</x> <y>0.28</y> <length>0.97</length>
        <font>arial.ttf</font> <fontSize>35</fontSize>
      </field>

      <field>
        <fieldName>dateWritten</fieldName>
        <x>4.30</x> <y>0.55</y> <length>1.65</length>
        <font>handwriting1.ttf</font> <fontSize>30</fontSize>
        <formatString>MMMM d, yyyy</formatString>
      </field>

      <field>
        <fieldName>courtesyAmount</fieldName>
        <x>4.22</x> <y>1.12</y> <length>1.70</length>
        <font>handwriting1.ttf</font> <fontSize>50</fontSize>
      </field>

      <field>
        <fieldName>legalAmount</fieldName>
        <x>0.85</x> <y>1.65</y> <length>5.32</length>
        <font>handwriting1.ttf</font> <fontSize>50</fontSize>
      </field>

      <field>
        <fieldName>bankName</fieldName>
        <x>2.67</x> <y>0.61</y> <length>1.15</length>
        <font>arial.ttf</font> <fontSize>20</fontSize>
      </field>

      <field>
        <fieldName>memoLine</fieldName>
        <x>0.64</x> <y>2.06</y> <length>1.76</length>
        <font>handwriting1.ttf</font> <fontSize>50</fontSize>
      </field>

      <field>
        <fieldName>signature</fieldName>
        <x>3.47</x> <y>2.06</y> <length>2.70</length>
        <font>handwriting1.ttf</font> <fontSize>50</fontSize>
      </field>

      <field>
        <fieldName>endorsement</fieldName>
        <x>0.50</x> <y>0.50</y> <length>4.00</length>
        <font>arial.ttf</font> <fontSize>35</fontSize>
      </field>

    </checkFormat>

    <checkFormat>

      <formatName>retail2</formatName>

      <enabled>true</enabled>

      <templateName>retail2.png</templateName>

      <field>
        <fieldName>nameAddress</fieldName>
        <x>0.20</x> <y>0.20</y> <length>1.90</length>
        <font>arial.ttf</font> <fontSize>20</fontSize>
      </field>

      <field>
        <fieldName>payeeName</fieldName>
        <x>0.90</x> <y>1.12</y> <length>3.00</length>
        <font>handwriting2.ttf</font> <fontSize>40</fontSize>
      </field>

      <field>
        <fieldName>checkNumber</fieldName>
        <x>5.00</x> <y>0.28</y> <length>0.97</length>
        <font>arial.ttf</font> <fontSize>35</fontSize>
      </field>

      <field>
        <fieldName>dateWritten</fieldName>
        <x>4.30</x> <y>0.55</y> <length>1.65</length>
        <font>handwriting2.ttf</font> <fontSize>30</fontSize>
        <formatString>MMMM d, yyyy</formatString>
      </field>

      <field>
        <fieldName>courtesyAmount</fieldName>
        <x>4.22</x> <y>1.12</y> <length>1.70</length>
        <font>handwriting2.ttf</font> <fontSize>50</fontSize>
      </field>

      <field>
        <fieldName>legalAmount</fieldName>
        <x>0.85</x> <y>1.65</y> <length>5.32</length>
        <font>handwriting2.ttf</font> <fontSize>40</fontSize>
      </field>

      <field>
        <fieldName>bankName</fieldName>
        <x>2.67</x> <y>0.61</y> <length>1.15</length>
        <font>arial.ttf</font> <fontSize>20</fontSize>
      </field>

      <field>
        <fieldName>memoLine</fieldName>
        <x>0.64</x> <y>2.06</y> <length>1.76</length>
        <font>handwriting2.ttf</font> <fontSize>40</fontSize>
      </field>

      <field>
        <fieldName>signature</fieldName>
        <x>3.47</x> <y>2.06</y> <length>2.70</length>
        <font>handwriting2.ttf</font> <fontSize>40</fontSize>
      </field>

      <field>
        <fieldName>endorsement</fieldName>
        <x>0.50</x> <y>0.50</y> <length>4.00</length>
        <font>arial.ttf</font> <fontSize>35</fontSize>
      </field>

    </checkFormat>

    <checkFormat>

      <formatName>retail3</formatName>

      <enabled>true</enabled>

      <templateName>retail3.png</templateName>

      <field>
        <fieldName>nameAddress</fieldName>
        <x>0.20</x> <y>0.20</y> <length>1.90</length>
        <font>arial.ttf</font> <fontSize>20</fontSize>
      </field>

      <field>
        <fieldName>payeeName</fieldName>
        <x>0.90</x> <y>1.12</y> <length>3.00</length>
        <font>handwriting3.ttf</font> <fontSize>60</fontSize>
      </field>

      <field>
        <fieldName>checkNumber</fieldName>
        <x>5.00</x> <y>0.28</y> <length>0.97</length>
        <font>arial.ttf</font> <fontSize>35</fontSize>
      </field>

      <field>
        <fieldName>dateWritten</fieldName>
        <x>4.30</x> <y>0.55</y> <length>1.65</length>
        <font>handwriting3.ttf</font> <fontSize>45</fontSize>
        <formatString>MMMM d, yyyy</formatString>
      </field>

      <field>
        <fieldName>courtesyAmount</fieldName>
        <x>4.22</x> <y>1.12</y> <length>1.70</length>
        <font>handwriting3.ttf</font> <fontSize>70</fontSize>
      </field>

      <field>
        <fieldName>legalAmount</fieldName>
        <x>0.85</x> <y>1.65</y> <length>5.32</length>
        <font>handwriting3.ttf</font> <fontSize>60</fontSize>
      </field>

      <field>
        <fieldName>bankName</fieldName>
        <x>2.67</x> <y>0.61</y> <length>1.15</length>
        <font>arial.ttf</font> <fontSize>20</fontSize>
      </field>

      <field>
        <fieldName>memoLine</fieldName>
        <x>0.64</x> <y>2.06</y> <length>1.76</length>
        <font>handwriting3.ttf</font> <fontSize>60</fontSize>
      </field>

      <field>
        <fieldName>signature</fieldName>
        <x>3.47</x> <y>2.06</y> <length>2.70</length>
        <font>handwriting3.ttf</font> <fontSize>60</fontSize>
      </field>

      <field>
        <fieldName>endorsement</fieldName>
        <x>0.50</x> <y>0.50</y> <length>4.00</length>
        <font>arial.ttf</font> <fontSize>35</fontSize>
      </field>

    </checkFormat>

    <checkFormat>

      <formatName>retail4</formatName>

      <enabled>true</enabled>

      <templateName>retail4.png</templateName>

      <field>
        <fieldName>nameAddress</fieldName>
        <x>0.20</x> <y>0.20</y> <length>1.90</length>
        <font>arial.ttf</font> <fontSize>20</fontSize>
      </field>

      <field>
        <fieldName>payeeName</fieldName>
        <x>0.90</x> <y>1.12</y> <length>3.00</length>
        <font>handwriting4.ttf</font> <fontSize>60</fontSize>
      </field>

      <field>
        <fieldName>checkNumber</fieldName>
        <x>5.00</x> <y>0.28</y> <length>0.97</length>
        <font>arial.ttf</font> <fontSize>35</fontSize>
      </field>

      <field>
        <fieldName>dateWritten</fieldName>
        <x>4.30</x> <y>0.55</y> <length>1.65</length>
        <font>handwriting4.ttf</font> <fontSize>35</fontSize>
        <formatString>MMMM d, yyyy</formatString>
      </field>

      <field>
        <fieldName>courtesyAmount</fieldName>
        <x>4.22</x> <y>1.12</y> <length>1.70</length>
        <font>handwriting4.ttf</font> <fontSize>70</fontSize>
      </field>

      <field>
        <fieldName>legalAmount</fieldName>
        <x>0.85</x> <y>1.65</y> <length>5.32</length>
        <font>handwriting4.ttf</font> <fontSize>50</fontSize>
      </field>

      <field>
        <fieldName>bankName</fieldName>
        <x>2.67</x> <y>0.61</y> <length>1.15</length>
        <font>arial.ttf</font> <fontSize>20</fontSize>
      </field>

      <field>
        <fieldName>memoLine</fieldName>
        <x>0.64</x> <y>2.06</y> <length>1.76</length>
        <font>handwriting4.ttf</font> <fontSize>60</fontSize>
      </field>

      <field>
        <fieldName>signature</fieldName>
        <x>3.47</x> <y>2.06</y> <length>2.70</length>
        <font>handwriting4.ttf</font> <fontSize>60</fontSize>
      </field>

      <field>
        <fieldName>endorsement</fieldName>
        <x>0.50</x> <y>0.50</y> <length>4.00</length>
        <font>arial.ttf</font> <fontSize>35</fontSize>
      </field>

    </checkFormat>

    <checkFormat>

      <formatName>retail5</formatName>

      <enabled>true</enabled>

      <templateName>retail5.png</templateName>

      <field>
        <fieldName>nameAddress</fieldName>
        <x>0.20</x> <y>0.20</y> <length>1.90</length>
        <font>arial.ttf</font> <fontSize>20</fontSize>
      </field>

      <field>
        <fieldName>payeeName</fieldName>
        <x>0.90</x> <y>1.12</y> <length>3.00</length>
        <font>handwriting5.ttf</font> <fontSize>60</fontSize>
      </field>

      <field>
        <fieldName>checkNumber</fieldName>
        <x>5.00</x> <y>0.28</y> <length>0.97</length>
        <font>arial.ttf</font> <fontSize>35</fontSize>
      </field>

      <field>
        <fieldName>dateWritten</fieldName>
        <x>4.30</x> <y>0.55</y> <length>1.65</length>
        <font>handwriting5.ttf</font> <fontSize>35</fontSize>
        <formatString>MMMM d, yyyy</formatString>
      </field>

      <field>
        <fieldName>courtesyAmount</fieldName>
        <x>4.22</x> <y>1.12</y> <length>1.70</length>
        <font>handwriting5.ttf</font> <fontSize>50</fontSize>
      </field>

      <field>
        <fieldName>legalAmount</fieldName>
        <x>0.85</x> <y>1.65</y> <length>5.32</length>
        <font>handwriting5.ttf</font> <fontSize>50</fontSize>
      </field>

      <field>
        <fieldName>bankName</fieldName>
        <x>2.67</x> <y>0.40</y> <length>1.15</length>
        <font>arial.ttf</font> <fontSize>20</fontSize>
      </field>

      <field>
        <fieldName>memoLine</fieldName>
        <x>0.64</x> <y>2.06</y> <length>1.76</length>
        <font>handwriting5.ttf</font> <fontSize>60</fontSize>
      </field>

      <field>
        <fieldName>signature</fieldName>
        <x>3.47</x> <y>2.06</y> <length>2.70</length>
        <font>handwriting5.ttf</font> <fontSize>50</fontSize>
      </field>

      <field>
        <fieldName>endorsement</fieldName>
        <x>0.50</x> <y>0.50</y> <length>4.00</length>
        <font>arial.ttf</font> <fontSize>35</fontSize>
      </field>

    </checkFormat>

  </category>

  <category>

    <categoryName>business</categoryName>

    <checkFormat>

      <formatName>business1</formatName>

      <enabled>true</enabled>

      <templateName>business1.png</templateName>

      <field>
        <fieldName>nameAddress</fieldName>
        <x>0.35</x> <y>0.49</y> <length>2.30</length>
        <font>arial.ttf</font> <fontSize>20</fontSize>
      </field>

      <field>
        <fieldName>payeeName</fieldName>
        <x>1.92</x> <y>1.39</y> <length>3.89</length>
        <font>BaseFont.ttf</font> <fontSize>40</fontSize>
      </field>

      <field>
        <fieldName>checkNumber</fieldName>
        <x>6.55</x> <y>0.64</y> <length>1.47</length>
        <font>BaseFont.ttf</font> <fontSize>40</fontSize>
      </field>

      <field>
        <fieldName>dateWritten</fieldName>
        <x>6.55</x> <y>0.94</y> <length>1.47</length>
        <font>BaseFont.ttf</font> <fontSize>40</fontSize>
        <formatString>MM / dd / yyyy</formatString>
      </field>

      <field>
        <fieldName>courtesyAmount</fieldName>
        <x>6.42</x> <y>1.39</y> <length>1.72</length>
        <font>BaseFont.ttf</font> <fontSize>40</fontSize>
      </field>

      <field>
        <fieldName>legalAmount</fieldName>
        <x>1.87</x> <y>1.82</y> <length>6.27</length>
        <font>BaseFont.ttf</font> <fontSize>40</fontSize>
      </field>

      <field>
        <fieldName>bankName</fieldName>
        <x>3.00</x> <y>0.55</y> <length>1.25</length>
        <font>arial.ttf</font> <fontSize>20</fontSize>
      </field>

      <field>
        <fieldName>memoLine</fieldName>
        <x>0.94</x> <y>2.55</y> <length>2.63</length>
        <font>BaseFont.ttf</font> <fontSize>40</fontSize>
      </field>

      <field>
        <fieldName>signature</fieldName>
        <x>5.45</x> <y>2.55</y> <length>2.70</length>
        <font>handwriting1.ttf</font> <fontSize>50</fontSize>
      </field>

      <field>
        <fieldName>endorsement</fieldName>
        <x>0.50</x> <y>0.50</y> <length>4.00</length>
        <font>arial.ttf</font> <fontSize>35</fontSize>
      </field>

    </checkFormat>

    <checkFormat>

      <formatName>business2</formatName>

      <enabled>true</enabled>

      <templateName>business2.png</templateName>

      <field>
        <fieldName>nameAddress</fieldName>
        <x>0.35</x> <y>0.49</y> <length>2.30</length>
        <font>arial.ttf</font> <fontSize>20</fontSize>
      </field>

      <field>
        <fieldName>payeeName</fieldName>
        <x>1.32</x> <y>1.44</y> <length>6.75</length>
        <font>BaseFont.ttf</font> <fontSize>40</fontSize>
      </field>

      <field>
        <fieldName>checkNumber</fieldName>
        <x>3.09</x> <y>0.85</y> <length>1.32</length>
        <font>BaseFont.ttf</font> <fontSize>40</fontSize>
      </field>

      <field>
        <fieldName>dateWritten</fieldName>
        <x>4.76</x> <y>0.85</y> <length>1.46</length>
        <font>BaseFont.ttf</font> <fontSize>40</fontSize>
        <formatString>MM / dd / yyyy</formatString>
      </field>

      <field>
        <fieldName>courtesyAmount</fieldName>
        <x>6.51</x> <y>0.85</y> <length>1.40</length>
        <font>BaseFont.ttf</font> <fontSize>40</fontSize>
      </field>

      <field>
        <fieldName>legalAmount</fieldName>
        <x>1.16</x> <y>1.97</y> <length>6.91</length>
        <font>BaseFont.ttf</font> <fontSize>40</fontSize>
      </field>

      <field>
        <fieldName>bankName</fieldName>
        <x>0.35</x> <y>0.21</y> <length>7.58</length>
        <font>arial.ttf</font> <fontSize>20</fontSize>
      </field>

      <field>
        <fieldName>memoLine</fieldName>
        <x>0.94</x> <y>2.56</y> <length>2.47</length>
        <font>BaseFont.ttf</font> <fontSize>40</fontSize>
      </field>

      <field>
        <fieldName>signature</fieldName>
        <x>4.72</x> <y>2.56</y> <length>3.35</length>
        <font>handwriting1.ttf</font> <fontSize>50</fontSize>
      </field>

      <field>
        <fieldName>endorsement</fieldName>
        <x>0.50</x> <y>0.50</y> <length>4.00</length>
        <font>arial.ttf</font> <fontSize>35</fontSize>
      </field>

    </checkFormat>

    <checkFormat>

      <formatName>business3</formatName>

      <enabled>true</enabled>

      <templateName>business3.png</templateName>

      <field>
        <fieldName>nameAddress</fieldName>
        <x>0.35</x> <y>0.40</y> <length>2.30</length>
        <font>arial.ttf</font> <fontSize>20</fontSize>
      </field>

      <field>
        <fieldName>payeeName</fieldName>
        <x>0.95</x> <y>1.95</y> <length>4.55</length>
        <font>BaseFont.ttf</font> <fontSize>40</fontSize>
      </field>

      <field>
        <fieldName>checkNumber</fieldName>
        <x>5.25</x> <y>1.10</y> <length>1.05</length>
        <font>BaseFont.ttf</font> <fontSize>35</fontSize>
      </field>

      <field>
        <fieldName>dateWritten</fieldName>
        <x>4.00</x> <y>1.10</y> <length>1.10</length>
        <font>BaseFont.ttf</font> <fontSize>35</fontSize>
        <formatString>MM / dd / yyyy</formatString>
      </field>

      <field>
        <fieldName>courtesyAmount</fieldName>
        <x>6.45</x> <y>1.10</y> <length>1.05</length>
        <font>BaseFont.ttf</font> <fontSize>35</fontSize>
      </field>

      <field>
        <fieldName>legalAmount</fieldName>
        <x>1.10</x> <y>1.55</y> <length>6.90</length>
        <font>BaseFont.ttf</font> <fontSize>40</fontSize>
      </field>

      <field>
        <fieldName>bankName</fieldName>
        <x>2.22</x> <y>0.65</y> <length>5.80</length>
        <font>arial.ttf</font> <fontSize>20</fontSize>
      </field>

      <field>
        <fieldName>memoLine</fieldName>
        <x>0.50</x> <y>2.75</y> <length>3.30</length>
        <font>BaseFont.ttf</font> <fontSize>40</fontSize>
      </field>

      <field>
        <fieldName>signature</fieldName>
        <x>5.00</x> <y>2.75</y> <length>3.70</length>
        <font>handwriting1.ttf</font> <fontSize>60</fontSize>
      </field>

      <field>
        <fieldName>endorsement</fieldName>
        <x>0.50</x> <y>0.50</y> <length>4.00</length>
        <font>arial.ttf</font> <fontSize>35</fontSize>
      </field>

    </checkFormat>

  </category>

</checkFormats>

