<?xml version="1.0" encoding="UTF-8"?>
<x9make>
 <copyright>X9Ware LLC 2012</copyright>
 <product>X9Assist</product>
 <release>R2.03</release>
 <timestamp>20130324_073608_460</timestamp>
 <makeFields>
  <field>
   <name>comment</name>
   <csvColumn>1</csvColumn>
   <stringValue>*</stringValue>
   <assignSequentialValues>false</assignSequentialValues>
  </field>
  <field>
   <name>itemType</name>
   <csvColumn>2</csvColumn>
   <stringValue>D</stringValue>
   <assignSequentialValues>false</assignSequentialValues>
  </field>
  <field>
   <name>auxOnUs</name>
   <csvColumn>3</csvColumn>
   <numericValue>700000</numericValue>
   <numericIncrement>1</numericIncrement>
  </field>
  <field>
   <name>epc</name>
   <csvColumn>4</csvColumn>
   <stringValue></stringValue>
   <assignSequentialValues>false</assignSequentialValues>
  </field>
  <field>
   <name>aba</name>
   <csvColumn>5</csvColumn>
   <numericValue>555555550</numericValue>
  </field>
  <field>
   <name>field4</name>
   <csvColumn>6</csvColumn>
   <numericValue>2222</numericValue>
   <numericIncrement>1</numericIncrement>
  </field>
  <field>
   <name>account</name>
   <csvColumn>7</csvColumn>
   <numericValue>10000000</numericValue>
   <numericIncrement>1</numericIncrement>
  </field>
  <field>
   <name>serial</name>
   <csvColumn>8</csvColumn>
   <numericValue>1001</numericValue>
   <numericIncrement>1</numericIncrement>
  </field>
  <field>
   <name>tranCode</name>
   <csvColumn>9</csvColumn>
   <stringValue></stringValue>
   <assignSequentialValues>false</assignSequentialValues>
  </field>
  <field>
   <name>tranCodeEncoding</name>
   <stringValue>Left</stringValue>
   <assignSequentialValues>false</assignSequentialValues>
  </field>
  <field>
   <name>micrOnUs</name>
   <stringValue></stringValue>
   <assignSequentialValues>false</assignSequentialValues>
  </field>
  <field>
   <name>amount</name>
   <csvColumn>10</csvColumn>
   <amountValue>10000</amountValue>
   <amountIncrement>2</amountIncrement>
  </field>
  <field>
   <name>itemSequenceNumber</name>
   <csvColumn>11</csvColumn>
   <numericValue>44000000</numericValue>
   <numericIncrement>1</numericIncrement>
  </field>
  <field>
   <name>payeeName</name>
   <csvColumn>12</csvColumn>
   <stringValue>[default]</stringValue>
   <assignSequentialValues>false</assignSequentialValues>
  </field>
  <field>
   <name>memoName</name>
   <csvColumn>13</csvColumn>
   <stringValue>[default]</stringValue>
   <assignSequentialValues>false</assignSequentialValues>
  </field>
  <field>
   <name>checkFormat</name>
   <csvColumn>14</csvColumn>
   <stringValue></stringValue>
   <assignSequentialValues>false</assignSequentialValues>
  </field>
  <field>
   <name>nameAddress1</name>
   <stringValue>[default]</stringValue>
   <assignSequentialValues>false</assignSequentialValues>
  </field>
  <field>
   <name>nameAddress2</name>
   <stringValue>[default]</stringValue>
   <assignSequentialValues>false</assignSequentialValues>
  </field>
  <field>
   <name>nameAddress3</name>
   <stringValue>[default]</stringValue>
   <assignSequentialValues>false</assignSequentialValues>
  </field>
  <field>
   <name>nameAddress4</name>
   <stringValue>[default]</stringValue>
   <assignSequentialValues>false</assignSequentialValues>
  </field>
  <field>
   <name>nameAddress5</name>
   <csvColumn>15</csvColumn>
   <stringValue>[default]</stringValue>
   <assignSequentialValues>false</assignSequentialValues>
  </field>
  <field>
   <name>documentationIndicator</name>
   <stringValue>G</stringValue>
   <assignSequentialValues>true</assignSequentialValues>
  </field>
  <field>
   <name>returnAcceptanceIndicator</name>
   <stringValue>8</stringValue>
   <assignSequentialValues>true</assignSequentialValues>
  </field>
  <field>
   <name>micrValidIndicator</name>
   <stringValue>1</stringValue>
   <assignSequentialValues>true</assignSequentialValues>
  </field>
  <field>
   <name>bofdIndicator</name>
   <stringValue>Y</stringValue>
   <assignSequentialValues>true</assignSequentialValues>
  </field>
  <field>
   <name>correctionIndicator</name>
   <stringValue>0</stringValue>
   <assignSequentialValues>true</assignSequentialValues>
  </field>
  <field>
   <name>archiveIndicator</name>
   <stringValue>B</stringValue>
   <assignSequentialValues>true</assignSequentialValues>
  </field>
  <field>
   <name>returnReasonIndicator</name>
   <stringValue>A</stringValue>
   <assignSequentialValues>true</assignSequentialValues>
  </field>
  <field>
   <name>conversionIndicator</name>
   <stringValue>0</stringValue>
   <assignSequentialValues>true</assignSequentialValues>
  </field>
  <field>
   <name>returnNotificationIndicator</name>
   <stringValue>1</stringValue>
   <assignSequentialValues>true</assignSequentialValues>
  </field>
  <field>
   <name>beginInNewBundle</name>
   <stringValue>2222</stringValue>
   <assignSequentialValues>false</assignSequentialValues>
  </field>
 </makeFields>
</x9make>

