<?xml version="1.0" encoding="UTF-8"?>
<x9modCheck>
 <owner>X9Ware LLC</owner>
 <product>X9Assist</product>
 <release>r1.08</release>
 <timestamp>20121005_032952_972</timestamp>
 <routines>
  <routine>
   <name>AbaMod10</name>
   <algorithm>SumOfProducts</algorithm>
   <length>9</length>
   <divisor>10</divisor>
   <remainder>0</remainder>
   <weights>=3|7|1|3|7|1|3|7|1</weights>
   <description>Aba check digit validation</description>
  </routine>
  <routine>
   <name>AccountNumbers</name>
   <algorithm>SumOfProducts</algorithm>
   <length>10</length>
   <divisor>11</divisor>
   <remainder>0</remainder>
   <weights>=7|3|7|1|3|7|1|3|7|1</weights>
   <description>Account number validation </description>
  </routine>
 </routines>
</x9modCheck>

