<?xml version="1.0" encoding="UTF-8"?>
<x9Generate>
 <copyright>X9Ware LLC 2012</copyright>
 <product>X9Assist</product>
 <release>R2.06</release>
 <documentIdentifier>x9Generate</documentIdentifier>
 <timestamp>20130616_064255_740</timestamp>
 <generateFields>
  <fileSpec>x9.100-187_UCD</fileSpec>
  <fileType>icl</fileType>
  <fileMode>prod</fileMode>
  <dateRefresh>true</dateRefresh>
  <useCsvHeaders>false</useCsvHeaders>
  <useCsvAddendums>false</useCsvAddendums>
  <bofdValue>555555550</bofdValue>
  <creditFormat>Metavante</creditFormat>
  <isBofdEndorsmentRecordGenerated>true</isBofdEndorsmentRecordGenerated>
  <isSecondaryEndorsmentRecordGenerated>true</isSecondaryEndorsmentRecordGenerated>
  <isReturnBaddendumRecordGenerated>false</isReturnBaddendumRecordGenerated>
  <isReturnCaddendumRecordGenerated>false</isReturnCaddendumRecordGenerated>
  <isCreditReconRecordGenerated>false</isCreditReconRecordGenerated>
  <isCreditReconImagesGenerated>false</isCreditReconImagesGenerated>
  <isImageAnalysisRecordGenerated>false</isImageAnalysisRecordGenerated>
  <isPayeeEndorsementRecordGenerated>false</isPayeeEndorsementRecordGenerated>
  <standardLevel>3</standardLevel>
  <immediateOrigAba>555555550</immediateOrigAba>
  <immediateDestAba>555555550</immediateDestAba>
  <immediateDestName>receiver</immediateDestName>
  <immediateOrigName>originator</immediateOrigName>
  <fileIdModifier>A</fileIdModifier>
  <businessDate>2013/06/14</businessDate>
  <createDate>2013/06/16</createDate>
  <createTime>642</createTime>
  <fileHeaderUserField></fileHeaderUserField>
  <iclRecordTypeIndicator>I</iclRecordTypeIndicator>
  <iclDocumentationTypeIndicator>G</iclDocumentationTypeIndicator>
  <iclCollectionType>01</iclCollectionType>
  <iclrRecordTypeIndicator>I</iclrRecordTypeIndicator>
  <iclrDocumentationTypeIndicator>G</iclrDocumentationTypeIndicator>
  <iclrCollectionType>03</iclrCollectionType>
  <destinationAba>555555550</destinationAba>
  <eceInstitutionAba>555555550</eceInstitutionAba>
  <fedWorkType>C</fedWorkType>
  <isType61ToBeginNewBundle>true</isType61ToBeginNewBundle>
  <returnAba>555555550</returnAba>
  <itemsPerBundle>300</itemsPerBundle>
  <bundleIdentifier>57000000</bundleIdentifier>
  <bundleIdentifierIncrement>1</bundleIdentifierIncrement>
  <creditBankAba>555555550</creditBankAba>
  <creditAccount>1234567</creditAccount>
  <creditSerial>1001</creditSerial>
  <isBofdFromList>true</isBofdFromList>
  <endorsementBofdAba>555555550</endorsementBofdAba>
  <endorsementCount>2</endorsementCount>
  <endorsementAbaList>abaList.csv</endorsementAbaList>
  <endorsementBofdDate>2013/06/13</endorsementBofdDate>
  <endorsementSecondaryDate>2013/06/14</endorsementSecondaryDate>
  <imageConstruction>draw</imageConstruction>
  <isMicrAmountEncoded>true</isMicrAmountEncoded>
  <isCarAmountDrawn>true</isCarAmountDrawn>
  <isLarAmountDrawn>true</isLarAmountDrawn>
  <invalidImages>draw</invalidImages>
  <checksPerTestCase>2</checksPerTestCase>
  <imageTests>0000000000000000000000000000000000000000000000000</imageTests>
 </generateFields>
 <retailFormats>
  <checkFormat>All</checkFormat>
 </retailFormats>
 <businessFormats>
  <checkFormat>All</checkFormat>
 </businessFormats>
</x9Generate>

