<?xml version="1.0" encoding="UTF-8"?>
<x9printImage>
 <copyright>X9Ware LLC 2012</copyright>
 <product>X9Assist</product>
 <release>r1.09</release>
 <timestamp>20121120_093355_311</timestamp>
 <pdfTemplate>LetterLandscape.pdf</pdfTemplate>
 <rows>3</rows>
 <cols>2</cols>
 <pageTitle>X9Assist Image Print</pageTitle>
 <topBorder>0.50</topBorder>
 <bottomBorder>0.80</bottomBorder>
 <leftBorder>0.20</leftBorder>
 <rightBorder>0.20</rightBorder>
 <horizontalGap>0.50</horizontalGap>
 <verticalGap>0.50</verticalGap>
 <printImageFields>
  <printImageField>
   <fieldName>check1</fieldName>
   <xCoordinate>0.2</xCoordinate>
   <yCoordinate>0.5</yCoordinate>
  </printImageField>
  <printImageField>
   <fieldName>check10</fieldName>
   <xCoordinate>0.0</xCoordinate>
   <yCoordinate>0.0</yCoordinate>
  </printImageField>
  <printImageField>
   <fieldName>check11</fieldName>
   <xCoordinate>0.0</xCoordinate>
   <yCoordinate>0.0</yCoordinate>
  </printImageField>
  <printImageField>
   <fieldName>check12</fieldName>
   <xCoordinate>0.0</xCoordinate>
   <yCoordinate>0.0</yCoordinate>
  </printImageField>
  <printImageField>
   <fieldName>check2</fieldName>
   <xCoordinate>5.75</xCoordinate>
   <yCoordinate>0.5</yCoordinate>
  </printImageField>
  <printImageField>
   <fieldName>check3</fieldName>
   <xCoordinate>0.2</xCoordinate>
   <yCoordinate>3.07</yCoordinate>
  </printImageField>
  <printImageField>
   <fieldName>check4</fieldName>
   <xCoordinate>5.75</xCoordinate>
   <yCoordinate>3.07</yCoordinate>
  </printImageField>
  <printImageField>
   <fieldName>check5</fieldName>
   <xCoordinate>0.2</xCoordinate>
   <yCoordinate>5.63</yCoordinate>
  </printImageField>
  <printImageField>
   <fieldName>check6</fieldName>
   <xCoordinate>5.75</xCoordinate>
   <yCoordinate>5.63</yCoordinate>
  </printImageField>
  <printImageField>
   <fieldName>check7</fieldName>
   <xCoordinate>0.0</xCoordinate>
   <yCoordinate>0.0</yCoordinate>
  </printImageField>
  <printImageField>
   <fieldName>check8</fieldName>
   <xCoordinate>0.0</xCoordinate>
   <yCoordinate>0.0</yCoordinate>
  </printImageField>
  <printImageField>
   <fieldName>check9</fieldName>
   <xCoordinate>0.0</xCoordinate>
   <yCoordinate>0.0</yCoordinate>
  </printImageField>
  <printImageField>
   <fieldName>checkSize</fieldName>
   <xCoordinate>5.05</xCoordinate>
   <yCoordinate>2.0666666</yCoordinate>
  </printImageField>
  <printImageField>
   <fieldName>dateTime</fieldName>
   <xCoordinate>3.67</xCoordinate>
   <yCoordinate>8.35</yCoordinate>
  </printImageField>
  <printImageField>
   <fieldName>pageNumber</fieldName>
   <xCoordinate>7.33</xCoordinate>
   <yCoordinate>8.35</yCoordinate>
  </printImageField>
  <printImageField>
   <fieldName>pageSize</fieldName>
   <xCoordinate>11.0</xCoordinate>
   <yCoordinate>8.5</yCoordinate>
  </printImageField>
  <printImageField>
   <fieldName>pageTitle</fieldName>
   <xCoordinate>4.5</xCoordinate>
   <yCoordinate>0.2</yCoordinate>
  </printImageField>
 </printImageFields>
</x9printImage>

