<?xml version="1.0" encoding="UTF-8"?>
<x9options>
 <copyright>X9Ware LLC 2012</copyright>
 <product>X9Vision</product>
 <release>R2.07</release>
 <documentIdentifier>x9options</documentIdentifier>
 <timestamp>20130923_112758_154</timestamp>
 <x9C>
  <x9configuration>Auto</x9configuration>
  <x9extensionUser1>x9</x9extensionUser1>
  <x9extensionUser2>x937</x9extensionUser2>
  <x9extensionUser3>icl</x9extensionUser3>
  <x9extensionUser4></x9extensionUser4>
  <x9extensionUser5></x9extensionUser5>
  <x9extensionUser6></x9extensionUser6>
 </x9C>
 <validation>
  <applyBalanceDepositsRule>true</applyBalanceDepositsRule>
  <applyEofbAsInformationalErrors>true</applyEofbAsInformationalErrors>
  <applyAbaCheckDigitValidation>true</applyAbaCheckDigitValidation>
  <applyEnhancedMicrOnusRules>false</applyEnhancedMicrOnusRules>
  <applyEditsToUserFields>false</applyEditsToUserFields>
  <applyEditsToReservedFields>false</applyEditsToReservedFields>
  <maximumFileSizeInMB>0</maximumFileSizeInMB>
  <maximumChecksPerFile>0</maximumChecksPerFile>
  <maximumChecksPerCashLetter>0</maximumChecksPerCashLetter>
  <maximumItemsPerBundle>0</maximumItemsPerBundle>
  <minimumImageSizeInBytes>0</minimumImageSizeInBytes>
  <maximumImageSizeInBytes>0</maximumImageSizeInBytes>
  <maximumCombinedImageSizeInBytes>0</maximumCombinedImageSizeInBytes>
 </validation>
 <paths>
  <defaultSaveToInputPath>true</defaultSaveToInputPath>
  <defaultInputPath>C:\Users\jjv\Documents\x9_assist\files</defaultInputPath>
  <defaultOutputPath>C:\Users\jjv\Documents\x9_assist\files</defaultOutputPath>
  <defaultUseCasePath>C:\Users\jjv\Documents\x9_assist\lists\useCases</defaultUseCasePath>
 </paths>
 <files>
  <optionsFile>options.xml</optionsFile>
  <x9rulesFile>x9rules_x937.xml</x9rulesFile>
  <tiffrulesFile>tiffrules.xml</tiffrulesFile>
  <messagesFile>messages.xml</messagesFile>
  <routingFile>routing.xml</routingFile>
  <configFile>config.xml</configFile>
  <mapFile>map.xml</mapFile>
  <modCheckFile>modCheck.xml</modCheckFile>
  <checkFormatsFile>checkFormats.xml</checkFormatsFile>
  <askOnceFile>askOnce.xml</askOnceFile>
 </files>
 <fonts>
  <proportionalFont>System</proportionalFont>
  <nonProportionalFont>System</nonProportionalFont>
  <micrFont>System</micrFont>
  <micrFontSize>32.55</micrFontSize>
  <micrFontStyle>Plain</micrFontStyle>
  <micrFontTransitSymbol>A</micrFontTransitSymbol>
  <micrFontAmountSymbol>B</micrFontAmountSymbol>
  <micrFontOnUsSymbol>C</micrFontOnUsSymbol>
  <micrFontDashSymbol>D</micrFontDashSymbol>
 </fonts>
 <xml>
  <listXmlx9RulesToLog>false</listXmlx9RulesToLog>
  <listXmlTiffRulesToLog>false</listXmlTiffRulesToLog>
  <listXmlErrorMessagesToLog>false</listXmlErrorMessagesToLog>
  <listXmlTiffTagEntriesToLog>false</listXmlTiffTagEntriesToLog>
  <xmlMinimumX9RecordCount>16</xmlMinimumX9RecordCount>
 </xml>
 <trace>
  <traceSdk>false</traceSdk>
  <traceEditErrors>false</traceEditErrors>
  <traceHexprintErrors>false</traceHexprintErrors>
  <traceMaxImages>50</traceMaxImages>
  <traceMaxErrors>50</traceMaxErrors>
  <traceMaxSystemErrorsToAbort>200</traceMaxSystemErrorsToAbort>
  <traceBeforeCount>5</traceBeforeCount>
  <traceReaderBytesOnFailure>2048</traceReaderBytesOnFailure>
  <traceEofbFailuresCount>10</traceEofbFailuresCount>
  <traceLogRetentionDays>2</traceLogRetentionDays>
 </trace>
 <gui>
  <guiLaunchOpenAtStartup>true</guiLaunchOpenAtStartup>
  <guiThumbnailsAreEnabled>true</guiThumbnailsAreEnabled>
  <guiFileDialogIsPreferred>true</guiFileDialogIsPreferred>
  <guiHeapMeterIsEnabled>false</guiHeapMeterIsEnabled>
  <guiToolTipsAreEnabled>true</guiToolTipsAreEnabled>
  <guiViewerShowLeadingTrailingSpaces>true</guiViewerShowLeadingTrailingSpaces>
  <guiLookAndFeel>Windows</guiLookAndFeel>
  <guiShowToolbarText>System Optimized</guiShowToolbarText>
  <guiTabIcons>System Optimized</guiTabIcons>
  <guiTabbedPanelTabPosition>System Optimized</guiTabbedPanelTabPosition>
  <guiShowCheckIsnInTree>System Optimized</guiShowCheckIsnInTree>
  <guiScreensizeMaxWidth>2000</guiScreensizeMaxWidth>
  <guiScreensizeMaxHeight>1200</guiScreensizeMaxHeight>
  <guiFileChooserWidth>900</guiFileChooserWidth>
  <guiFileChooserHeight>500</guiFileChooserHeight>
  <guiGcFrequency>10</guiGcFrequency>
  <guiErrorDetailRowLimit>100000</guiErrorDetailRowLimit>
  <guiItemRowLimit>100000</guiItemRowLimit>
  <guiFilterRowLimit>50000</guiFilterRowLimit>
  <guiModifyRowLimit>10000</guiModifyRowLimit>
  <guiDefaultRowLimit>1000</guiDefaultRowLimit>
  <guiMaximumTextFileInMb>60</guiMaximumTextFileInMb>
  <guiMaximumCachedImages>100</guiMaximumCachedImages>
  <guiToolBarIconSize>20</guiToolBarIconSize>
 </gui>
 <guiColors>
  <guiAlternateTableRGB>-3342388</guiAlternateTableRGB>
  <guiAlternateTreeRGB>-327686</guiAlternateTreeRGB>
  <guiMouseRolloverRGB>-16</guiMouseRolloverRGB>
  <guiModifyActiveRowRGB>-1638401</guiModifyActiveRowRGB>
  <guiModifiedRowRGB>-6476</guiModifiedRowRGB>
  <guiUnvalidatedModificationsRGB>-56</guiUnvalidatedModificationsRGB>
 </guiColors>
 <sdk>
  <sdkMaximumNumberOfThreads>4</sdkMaximumNumberOfThreads>
  <sdkMinimumBusinessCheckInInches>8.0</sdkMinimumBusinessCheckInInches>
  <sdkMicrBandHeightPreservedInInches>1.0</sdkMicrBandHeightPreservedInInches>
 </sdk>
 <draftCheck>
  <draftCheckNameAddress1>James C. Morrison</draftCheckNameAddress1>
  <draftCheckNameAddress2>12345 AnyWhere Circle</draftCheckNameAddress2>
  <draftCheckNameAddress3>Your City, State 12345</draftCheckNameAddress3>
  <draftCheckNameAddress4></draftCheckNameAddress4>
  <draftCheckNameAddress5></draftCheckNameAddress5>
  <draftCheckPayeeName>Cash</draftCheckPayeeName>
  <draftCheckBankName>Non-Negotiable</draftCheckBankName>
  <draftCheckMemoLine>Void</draftCheckMemoLine>
  <draftCheckEndorsmentHeader>Endorse Here</draftCheckEndorsmentHeader>
  <draftCheckSignBelowLine>Do not write, stamp, or sign below this line.</draftCheckSignBelowLine>
 </draftCheck>
 <backup>
  <backupEnabled>true</backupEnabled>
  <backupOnEveryRun>false</backupOnEveryRun>
  <backupRetentionDays>10</backupRetentionDays>
 </backup>
 <reporting>
  <pdfViewer>System Optimized</pdfViewer>
  <reportRetentionDays>3</reportRetentionDays>
  <reportWarningForLargeRowCount>50000</reportWarningForLargeRowCount>
 </reporting>
 <branding>
  <brandedCompanyName>X9Ware LLC</brandedCompanyName>
  <brandedWebButton>X9Ware LLC</brandedWebButton>
  <brandedWebAddress>www.x9ware.com</brandedWebAddress>
 </branding>
 <actions>
  <action_open>true</action_open>
  <action_close>true</action_close>
  <action_summary>true</action_summary>
  <action_find>true</action_find>
  <action_findnext>true</action_findnext>
  <action_search>false</action_search>
  <action_backward>true</action_backward>
  <action_previous_record>true</action_previous_record>
  <action_next_record>true</action_next_record>
  <action_forward>true</action_forward>
  <action_check_viewer>false</action_check_viewer>
  <action_hex_viewer>true</action_hex_viewer>
  <action_print_reports>false</action_print_reports>
  <action_print_images>false</action_print_images>
  <action_excel_exporter>false</action_excel_exporter>
  <action_validate>false</action_validate>
  <action_save>false</action_save>
  <action_iqa>false</action_iqa>
  <action_debug>true</action_debug>
  <action_delete>false</action_delete>
  <action_repair>false</action_repair>
  <action_modify>false</action_modify>
  <action_scrub>false</action_scrub>
  <action_make>false</action_make>
  <action_generate>false</action_generate>
  <action_clone>false</action_clone>
  <action_merge>false</action_merge>
  <action_repackage>false</action_repackage>
  <action_icl_to_iclr>false</action_icl_to_iclr>
  <action_image_mismatch>false</action_image_mismatch>
  <action_import>false</action_import>
  <action_export>false</action_export>
  <action_focus_on_front>true</action_focus_on_front>
  <action_focus_on_back>true</action_focus_on_back>
  <action_bind>false</action_bind>
  <action_configuration>false</action_configuration>
  <action_mapping_editor>false</action_mapping_editor>
  <action_config_editor>false</action_config_editor>
  <action_routing_editor>false</action_routing_editor>
  <action_license_editor>true</action_license_editor>
  <action_routinglist_editor>false</action_routinglist_editor>
  <action_usecase_editor>false</action_usecase_editor>
  <action_modcheck_editor>false</action_modcheck_editor>
  <action_xml_editor>false</action_xml_editor>
  <action_duplicate_items>false</action_duplicate_items>
  <action_rtcalculator>true</action_rtcalculator>
  <action_goto>true</action_goto>
  <action_options>true</action_options>
  <action_toolbar_x9vision>true</action_toolbar_x9vision>
  <action_toolbar_x9assist>true</action_toolbar_x9assist>
  <action_reset>true</action_reset>
  <action_help>true</action_help>
  <action_about>true</action_about>
  <action_systemlog>true</action_systemlog>
  <action_launch_web>true</action_launch_web>
  <action_exit>true</action_exit>
 </actions>
</x9options>

