<?xml version="1.0" encoding="UTF-8"?>
<x9printImage>
 <copyright>X9Ware LLC 2012</copyright>
 <product>X9Assist</product>
 <release>r1.11</release>
 <timestamp>20130111_064800_599</timestamp>
 <pdfTemplate>LetterPortraitBlankPage.pdf</pdfTemplate>
 <rows>3</rows>
 <cols>1</cols>
 <pageTitle>X9Assist Image Print</pageTitle>
 <topBorder>0.00</topBorder>
 <bottomBorder>0.00</bottomBorder>
 <leftBorder>0.00</leftBorder>
 <rightBorder>0.00</rightBorder>
 <horizontalGap>0.00</horizontalGap>
 <verticalGap>0.00</verticalGap>
 <isFrontAndBack>false</isFrontAndBack>
 <isCaptionEnabled>false</isCaptionEnabled>
 <isCollated>true</isCollated>
 <printImageFields>
  <printImageField>
   <fieldName>check1</fieldName>
   <xCoordinate>0.0</xCoordinate>
   <yCoordinate>0.0</yCoordinate>
  </printImageField>
  <printImageField>
   <fieldName>check10</fieldName>
   <xCoordinate>0.0</xCoordinate>
   <yCoordinate>0.0</yCoordinate>
  </printImageField>
  <printImageField>
   <fieldName>check11</fieldName>
   <xCoordinate>0.0</xCoordinate>
   <yCoordinate>0.0</yCoordinate>
  </printImageField>
  <printImageField>
   <fieldName>check12</fieldName>
   <xCoordinate>0.0</xCoordinate>
   <yCoordinate>0.0</yCoordinate>
  </printImageField>
  <printImageField>
   <fieldName>check2</fieldName>
   <xCoordinate>0.0</xCoordinate>
   <yCoordinate>3.67</yCoordinate>
  </printImageField>
  <printImageField>
   <fieldName>check3</fieldName>
   <xCoordinate>0.0</xCoordinate>
   <yCoordinate>7.33</yCoordinate>
  </printImageField>
  <printImageField>
   <fieldName>check4</fieldName>
   <xCoordinate>0.0</xCoordinate>
   <yCoordinate>0.0</yCoordinate>
  </printImageField>
  <printImageField>
   <fieldName>check5</fieldName>
   <xCoordinate>0.0</xCoordinate>
   <yCoordinate>0.0</yCoordinate>
  </printImageField>
  <printImageField>
   <fieldName>check6</fieldName>
   <xCoordinate>0.0</xCoordinate>
   <yCoordinate>0.0</yCoordinate>
  </printImageField>
  <printImageField>
   <fieldName>check7</fieldName>
   <xCoordinate>0.0</xCoordinate>
   <yCoordinate>0.0</yCoordinate>
  </printImageField>
  <printImageField>
   <fieldName>check8</fieldName>
   <xCoordinate>0.0</xCoordinate>
   <yCoordinate>0.0</yCoordinate>
  </printImageField>
  <printImageField>
   <fieldName>check9</fieldName>
   <xCoordinate>0.0</xCoordinate>
   <yCoordinate>0.0</yCoordinate>
  </printImageField>
  <printImageField>
   <fieldName>checkSize</fieldName>
   <xCoordinate>8.5</xCoordinate>
   <yCoordinate>3.6666667</yCoordinate>
  </printImageField>
  <printImageField>
   <fieldName>dateTime</fieldName>
   <xCoordinate>0.0</xCoordinate>
   <yCoordinate>0.0</yCoordinate>
  </printImageField>
  <printImageField>
   <fieldName>pageNumber</fieldName>
   <xCoordinate>0.0</xCoordinate>
   <yCoordinate>0.0</yCoordinate>
  </printImageField>
  <printImageField>
   <fieldName>pageSize</fieldName>
   <xCoordinate>8.5</xCoordinate>
   <yCoordinate>11.0</yCoordinate>
  </printImageField>
  <printImageField>
   <fieldName>pageTitle</fieldName>
   <xCoordinate>0.0</xCoordinate>
   <yCoordinate>0.0</yCoordinate>
  </printImageField>
 </printImageFields>
</x9printImage>

